Datum,Ereignis,Quelle,Streitpunkt,Nächster Schritt
2023-09-01,Ernennung zur Richterin auf Probe,Urkunde,Status und Probezeitbeginn,DRiG/Landesrichterrecht prüfen
2024-10-15,Abordnung Ministerium 40 Prozent,E-Mail Präsidium,Richterliche Unabhängigkeit und Beurteilungsbeiträge,Abordnungsverfügung anfordern
2026-03-04,Ausschreibung Vorsitz Staatsschutzkammer,Justizblatt,Anforderungsprofil,Frist und Bewerberfeld sichern
2026-03-18,Bewerbung Mondsee,Bewerbungsschreiben,Vollständigkeit,Empfangsnachweis suchen
2026-05-12,Dienstliche Beurteilung eröffnet,Beurteilung,Abschwächung Gesamturteil,Einwendungen fristnah
2026-05-20,Auswahlentscheidung informell bekannt,E-Mail Kollegin,Bekanntgabe unklar,offizielle Mitteilung anfordern
2026-05-24,Untersuchungsanordnung,Schreiben Präsident,Bestimmtheit und Anlass,Widerspruch/Eilrechtsschutz prüfen
2026-05-27,Mandat erteilt,Mandatsnotiz,Konkurrentenstreit akut,Eilantrag vorbereiten
2026-06-07,Angekündigte Ernennung Konkurrentin,E-Mail Präsidialrat,Rechtsschutzvereitelung,Sicherungsantrag
