Jahr;Kostenblock;Rohbetrag EUR;Beantragt EUR;Ampel;Kommentar
2024;Personalkosten AP1/AP2;428600;405200;gelb;AP1-Recherche teils vor ZIM abgrenzen
2024;Produktnahe Meetings;38200;0;rot;nicht beantragen
2025;Personalkosten AP2/AP3/AP4;812400;724300;grün/gelb;CTO-Stunden nachbelegen
2025;Auftragsforschung Lusitano;146000;102200;gelb;70-Prozent-Quote, Unterauftrag offen
2025;AfA Klimakammer/Boards;38500;24400;gelb;Nutzungsanteil offen
2026;Personalkosten AP5/AP7;746200;681800;gelb;AP7 eigenständig prüfen
2026;Auftragsforschung Lusitano;284000;198800;gelb;Leistungsbericht fehlt
2026;AfA Referenzsensorik;91000;63300;gelb;Serviceanteil herausrechnen
2026;Gemein-/Betriebskostenpauschale;86240;0;rot/gelb;nur Alternativrechnung AP7
