Nr,Thema,Befund,Risiko,Empfohlene Korrektur
1,Lizenzgegenstand,"Patent, Anmeldung, Know-how und all IP werden vermischt",Grant unklar,Schedule Schutzrechte und Know-how trennen
2,Territory,"EU and Germany plus einzelne Länder",Widerspruch,Genaue Staaten und Validierungen nennen
3,Exklusivität,"exklusiv mit breiten Carve-outs",Streit über Sperrwirkung,Carve-outs eng definieren
4,Unterlizenz,"Distributor-Nutzung trotz Unterlizenzverbot",Vertrieb blockiert,Sublicensing/OEM/Distributor-Regelung einführen
5,Improvements,"alle Verbesserungen fallen an Licensor",Innovations- und Kartellrisiko,Herkunft und Nutzungsrechte differenzieren
6,Gewährleistung,"weltweite Nichtverletzung garantiert",Haftung zu weit,Knowledge-Qualifier und Haftungsgrenzen
7,Royalty Base,"Geräte, Service, Software, Verbrauchsmaterial vermischt",falsche Abrechnung,Royalty Base produktbezogen definieren
8,Kündigung,"Nichtigkeit oder Teilwiderruf fehlen",Zahlung trotz Schutzrechtsverlust,Step-down und Termination-Regel
9,Erfinderrechte,"Erfinderbenennung wie übertragbares Recht behandelt",rechtlich ungenau,Erfinderbenennung und Vermögensrechte trennen
